id,first_name,last_name,email,gender,ip_address,age
1,Fransisco,Curran,fcurran0@bing.com,Male,225.142.231.232,39
2,Stern,Dockree,sdockree1@sphinn.com,Male,254.30.216.24,62
3,Xavier,Panyer,xpanyer2@weebly.com,Male,214.139.190.160,80
4,Luelle,Denisovo,ldenisovo3@amazonaws.com,Female,236.251.134.112,84
5,Rene,Brunicke,rbrunicke4@aol.com,Female,216.34.227.136,41
6,Brody,Shorter,bshorter5@nymag.com,Male,168.58.170.15,92
7,Jackelyn,Scougal,jscougal6@google.com.au,Female,124.228.94.53,46
8,Sergei,Darben,sdarben7@fema.gov,Male,139.168.207.89,47
9,Anabal,Garcia,agarcia8@squidoo.com,Female,203.59.30.134,66
10,Torrance,Cleary,tcleary9@wordpress.com,Male,227.83.194.149,23
11,Eilis,Salvador,esalvadora@alibaba.com,Female,104.196.56.105,58
12,Cassandra,MacTrustey,cmactrusteyb@bigcartel.com,Female,57.168.104.11,76
13,Gradeigh,Colclough,gcolcloughc@parallels.com,Male,121.255.49.155,30
14,Yankee,Loughlin,yloughlind@dailymotion.com,Male,0.225.5.135,00
15,Eldredge,Riddlesden,eriddlesdene@unicef.org,Male,165.143.184.208,18
16,Ronda,Yeude,ryeudef@squarespace.com,Female,119.43.225.144,12
17,Mitzi,Daens,mdaensg@about.com,Female,232.246.0.54,20
18,Ingar,Lambricht,ilambrichth@people.com.cn,Male,45.12.30.105,74
19,Tabby,Cohrs,tcohrsi@bigcartel.com,Female,144.58.34.208,19
20,Janka,Puckham,jpuckhamj@issuu.com,Female,103.60.181.218,24
21,Ddene,De Fries,ddefriesk@intel.com,Female,215.170.81.159,27
22,Duffie,Langfat,dlangfatl@dropbox.com,Male,145.161.229.125,53
23,Genny,Adamson,gadamsonm@ebay.co.uk,Female,217.65.50.94,68
24,Philip,Munning,pmunningn@ebay.co.uk,Male,68.187.15.179,87
25,Pail,Brendish,pbrendisho@nasa.gov,Male,71.86.140.247,60
26,Carmel,Dimbleby,cdimblebyp@wisc.edu,Female,26.232.240.173,71
27,Lorenzo,Scad,lscadq@free.fr,Male,66.156.2.60,77
28,Darbee,Tarrant,dtarrantr@w3.org,Male,126.171.33.148,91
29,Chip,Gainforth,cgainforths@amazon.de,Male,105.210.9.213,86
30,Natal,McCaig,nmccaigt@mediafire.com,Male,166.248.59.28,58
31,Angus,Peplay,apeplayu@com.com,Male,78.116.129.198,12
32,Kissee,Mowen,kmowenv@fastcompany.com,Female,216.229.216.76,23
33,Parker,Blomefield,pblomefieldw@dyndns.org,Male,58.148.4.144,18
34,Kaia,Goade,kgoadex@netlog.com,Female,160.198.97.2,61
35,Joan,Koba,jkobay@paginegialle.it,Female,1.184.227.62,53
36,Vilma,Pawlata,vpawlataz@bigcartel.com,Female,183.176.192.161,89
37,Giuditta,Ritch,gritch10@utexas.edu,Female,35.124.27.189,68
38,Kriste,Sacchetti,ksacchetti11@4shared.com,Female,92.17.143.22,08
39,Skippy,Wheble,swheble12@ucla.edu,Male,212.97.40.204,85
40,Chrotoem,Dodman,cdodman13@joomla.org,Male,218.78.170.228,15
41,Becka,Mullett,bmullett14@posterous.com,Female,135.10.39.118,14
42,Ilaire,Baggott,ibaggott15@washingtonpost.com,Male,86.67.95.208,42
43,Dedra,Dalyell,ddalyell16@intel.com,Female,136.162.162.208,71
44,Devondra,Wrey,dwrey17@360.cn,Female,240.86.137.254,12
45,Irina,Woodward,iwoodward18@cdbaby.com,Female,184.108.159.38,29
46,Lianne,McKeating,lmckeating19@exblog.jp,Female,238.187.69.9,20
47,Ortensia,Hillett,ohillett1a@tripod.com,Female,3.78.18.19,54
48,Agnella,Boate,aboate1b@usatoday.com,Female,202.242.66.145,42
49,Carney,Zecchinelli,czecchinelli1c@msu.edu,Male,64.132.67.134,25
50,Loella,Sidworth,lsidworth1d@sina.com.cn,Female,244.253.36.151,25
51,Lydia,Chasle,lchasle1e@google.com.au,Female,73.131.207.71,17
52,Kakalina,Dewett,kdewett1f@theguardian.com,Female,15.120.65.31,45
53,Tobye,Bullivent,tbullivent1g@youtube.com,Female,254.211.2.86,34
54,Kit,Tidswell,ktidswell1h@sbwire.com,Female,226.180.165.214,01
55,Fifine,Foxley,ffoxley1i@bbb.org,Female,62.182.254.94,38
56,Lottie,Niblock,lniblock1j@webmd.com,Female,153.139.152.244,35
57,Winifred,Kluss,wkluss1k@shareasale.com,Female,150.27.209.36,50
58,Almeda,Victor,avictor1l@bizjournals.com,Female,44.164.76.147,70
59,Helen-elizabeth,Ryton,hryton1m@linkedin.com,Female,1.236.4.130,95
60,Saul,Keightley,skeightley1n@webnode.com,Male,19.34.131.103,80
61,Tami,Leake,tleake1o@com.com,Female,105.50.64.27,58
62,Myrwyn,Harries,mharries1p@soup.io,Male,252.20.195.56,44
63,Kim,Riteley,kriteley1q@histats.com,Female,8.245.220.166,55
64,Mirabel,Franken,mfranken1r@harvard.edu,Female,58.206.226.72,52
65,Rafaelita,Cordsen,rcordsen1s@forbes.com,Female,202.97.200.3,31
66,Janela,Crunden,jcrunden1t@bandcamp.com,Female,32.36.146.8,36
67,Ora,Coot,ocoot1u@bandcamp.com,Female,149.81.66.90,31
68,Jaye,Slyde,jslyde1v@skype.com,Male,52.63.108.27,93
69,Emmey,Munnion,emunnion1w@cbc.ca,Female,120.152.12.145,55
70,Philomena,Satford,psatford1x@marketwatch.com,Female,159.87.40.71,14
71,Michel,Gamlyn,mgamlyn1y@umich.edu,Male,143.132.75.75,08
72,Sibella,Hards,shards1z@google.com,Female,108.204.239.39,18
73,Raff,Jordon,rjordon20@github.com,Male,119.161.33.133,50
74,Wilhelmina,Perrins,wperrins21@jugem.jp,Female,138.63.93.34,92
75,Marline,Birk,mbirk22@issuu.com,Female,156.199.139.144,36
76,Adria,Halt,ahalt23@apache.org,Female,225.180.19.215,70
77,Zedekiah,Thormann,zthormann24@nytimes.com,Male,173.94.216.213,51
78,Kelvin,Balser,kbalser25@unicef.org,Male,45.252.132.113,27
79,Ingeborg,Cuncarr,icuncarr26@is.gd,Female,30.186.39.63,95
80,Effie,Blaine,eblaine27@youtu.be,Female,182.133.113.0,56
81,Frants,Jaggs,fjaggs28@surveymonkey.com,Male,172.213.162.217,81
82,Anatola,Briat,abriat29@archive.org,Female,208.10.98.44,12
83,Kerianne,Galliver,kgalliver2a@china.com.cn,Female,123.44.43.45,98
84,Tanya,Lamke,tlamke2b@nifty.com,Female,230.124.138.15,23
85,Rita,Dunbobbin,rdunbobbin2c@istockphoto.com,Female,191.35.225.225,32
86,Bordie,Thaxton,bthaxton2d@angelfire.com,Male,199.208.148.54,09
87,Cherri,Parratt,cparratt2e@google.nl,Female,16.218.63.214,09
88,Edlin,Pulbrook,epulbrook2f@nhs.uk,Male,234.191.25.94,72
89,Sabrina,Carncross,scarncross2g@redcross.org,Female,158.65.226.36,79
90,Ervin,Mace,emace2h@jigsy.com,Male,97.123.214.91,49
91,Mia,Wrey,mwrey2i@mysql.com,Female,66.17.146.120,40
92,Jason,Stearndale,jstearndale2j@mashable.com,Male,112.114.126.221,00
93,Farra,Reeson,freeson2k@webeden.co.uk,Female,167.49.71.33,53
94,Salomon,Vize,svize2l@cnn.com,Male,241.93.16.179,17
95,Edwina,Gerring,egerring2m@google.fr,Female,247.238.46.119,55
96,Florie,Petrillo,fpetrillo2n@skyrock.com,Female,245.156.120.185,85
97,Felice,Prayer,fprayer2o@about.me,Female,210.156.143.95,41
98,Sander,Wase,swase2p@quantcast.com,Male,250.7.104.247,04
99,Arleen,Bockmann,abockmann2q@vkontakte.ru,Female,149.208.57.3,14
100,Sydney,Hembry,shembry2r@arizona.edu,Male,40.111.174.188,05
101,Janel,Sigsworth,jsigsworth2s@who.int,Female,178.122.242.142,36
102,Letizia,Hanscomb,lhanscomb2t@cmu.edu,Female,84.46.201.75,54
103,Jessee,Foan,jfoan2u@cdc.gov,Male,226.144.85.164,27
104,Mab,Neligan,mneligan2v@constantcontact.com,Female,141.75.232.204,43
105,Annalise,Duckwith,aduckwith2w@csmonitor.com,Female,182.22.162.202,00
106,Miguel,Haston,mhaston2x@diigo.com,Male,87.145.190.184,10
107,Shirlee,Atton,satton2y@delicious.com,Female,193.47.164.83,50
108,Boyd,Dimitriou,bdimitriou2z@addtoany.com,Male,243.26.44.54,19
109,Porty,Couvert,pcouvert30@slashdot.org,Male,134.96.154.104,74
110,Fredericka,Backman,fbackman31@huffingtonpost.com,Female,79.62.184.138,89
111,Wilburt,Wishart,wwishart32@artisteer.com,Male,249.19.181.234,16
112,Pascal,Campany,pcampany33@parallels.com,Male,67.25.66.17,57
113,Dino,Gaskall,dgaskall34@skyrock.com,Male,64.152.108.30,82
114,Jenni,Pigott,jpigott35@seesaa.net,Female,230.23.162.216,17
115,Kiley,Kerslake,kkerslake36@rambler.ru,Male,173.83.157.68,93
116,Jilli,Davies,jdavies37@technorati.com,Female,177.133.167.167,96
117,Arlie,Brisco,abrisco38@gnu.org,Female,28.251.32.21,45
118,Locke,Edensor,ledensor39@redcross.org,Male,255.255.210.9,33
119,Wilburt,Standen,wstanden3a@oaic.gov.au,Male,191.212.146.52,86
120,Corliss,Worral,cworral3b@cafepress.com,Female,187.146.216.39,57
121,Benjy,Licciardello,blicciardello3c@cnn.com,Male,231.27.213.51,00
122,Franklyn,Kitman,fkitman3d@blogger.com,Male,115.137.59.83,66
123,Jasmine,Connold,jconnold3e@scribd.com,Female,99.248.191.135,64
124,Uriah,Giacomucci,ugiacomucci3f@newyorker.com,Male,75.17.193.128,86
125,Krystal,Danniel,kdanniel3g@alexa.com,Female,117.1.168.39,55
126,Kilian,Hamon,khamon3h@nsw.gov.au,Male,148.236.23.192,97
127,Friedrich,Edgington,fedgington3i@nhs.uk,Male,62.98.128.128,91
128,Missy,Haysar,mhaysar3j@cpanel.net,Female,146.234.61.108,01
129,Melvin,Grisenthwaite,mgrisenthwaite3k@umich.edu,Male,11.79.58.115,90
130,Jan,Christoffels,jchristoffels3l@dropbox.com,Female,162.193.251.205,79
131,Henrietta,Ellicock,hellicock3m@shareasale.com,Female,213.148.161.125,79
132,Katlin,Widdows,kwiddows3n@domainmarket.com,Female,173.235.113.160,78
133,Stanford,Piborn,spiborn3o@nymag.com,Male,191.92.38.178,08
134,Moe,Castle,mcastle3p@elegantthemes.com,Male,183.149.235.157,60
135,Jessalin,Gobolos,jgobolos3q@unesco.org,Female,239.28.254.86,74
136,Murielle,Jirusek,mjirusek3r@about.com,Female,140.22.222.157,90
137,Forrester,Kinforth,fkinforth3s@pinterest.com,Male,72.236.81.37,93
138,Tamarra,Haime,thaime3t@geocities.jp,Female,74.160.205.220,09
139,Olenolin,Bondley,obondley3u@vistaprint.com,Male,182.87.235.8,96
140,Pauly,Glentz,pglentz3v@addthis.com,Female,185.100.199.94,39
141,Eb,McCleod,emccleod3w@youtube.com,Male,207.124.88.133,16
142,Sammy,Braisby,sbraisby3x@jigsy.com,Male,131.245.171.96,41
143,Leicester,Cutchee,lcutchee3y@cyberchimps.com,Male,197.205.35.14,29
144,Jervis,Hiorn,jhiorn3z@berkeley.edu,Male,159.206.26.229,08
145,Garwin,Bickerdike,gbickerdike40@parallels.com,Male,196.42.216.118,24
146,Gasper,Buckham,gbuckham41@xing.com,Male,171.233.86.109,31
147,Toby,Smidmore,tsmidmore42@smh.com.au,Male,231.152.224.229,13
148,Mal,De Michetti,mdemichetti43@cyberchimps.com,Male,5.178.63.114,60
149,Kurtis,Reveley,kreveley44@imdb.com,Male,68.110.119.193,94
150,Clarke,Yanyushkin,cyanyushkin45@dailymail.co.uk,Male,178.89.172.33,84
151,Jodie,Fratczak,jfratczak46@disqus.com,Male,172.79.40.206,81
152,Thorstein,Howat,thowat47@fda.gov,Male,239.60.229.76,10
153,Dory,Hughes,dhughes48@comcast.net,Male,22.56.253.73,60
154,Zacharias,Leatherbarrow,zleatherbarrow49@oracle.com,Male,172.171.150.93,11
155,Roberto,Amsden,ramsden4a@auda.org.au,Male,53.149.234.62,71
156,Brian,Rumbelow,brumbelow4b@google.nl,Male,158.9.232.71,73
157,Wilden,Benzi,wbenzi4c@unc.edu,Male,65.75.11.5,29
158,Carin,De Nisco,cdenisco4d@jiathis.com,Female,110.104.102.18,31
159,Corrina,Hastin,chastin4e@cornell.edu,Female,179.26.176.142,89
160,Melisa,Branno,mbranno4f@usa.gov,Female,213.126.213.71,10
161,Marius,Barribal,mbarribal4g@friendfeed.com,Male,190.143.84.38,59
162,Carmine,Henzer,chenzer4h@123-reg.co.uk,Female,56.204.48.144,13
163,Carmel,Esselin,cesselin4i@prlog.org,Female,62.82.64.7,91
164,Nancee,Enrico,nenrico4j@jimdo.com,Female,188.227.146.2,91
165,Thornie,Jakubiak,tjakubiak4k@slideshare.net,Male,219.136.209.61,19
166,Jobye,Francom,jfrancom4l@goodreads.com,Female,243.92.216.152,73
167,Misty,Perkis,mperkis4m@unesco.org,Female,163.49.35.191,88
168,Tad,Henryson,thenryson4n@canalblog.com,Male,197.94.31.120,39
169,Rube,Burdikin,rburdikin4o@admin.ch,Male,107.37.61.40,45
170,Halsy,Brennenstuhl,hbrennenstuhl4p@mac.com,Male,43.130.132.237,00
171,Nil,Merrywether,nmerrywether4q@stumbleupon.com,Male,235.235.170.74,64
172,Roxie,Harring,rharring4r@washington.edu,Female,30.118.27.156,15
173,Corena,Bolduc,cbolduc4s@dmoz.org,Female,129.191.84.238,98
174,Maxie,Itscovitz,mitscovitz4t@wikimedia.org,Female,246.174.236.55,62
175,Olia,Benettini,obenettini4u@aboutads.info,Female,214.150.207.23,67
176,Dacie,Elizabeth,delizabeth4v@berkeley.edu,Female,51.92.176.126,97
177,Courtnay,Jakubowicz,cjakubowicz4w@globo.com,Female,10.46.35.31,84
178,Nicolis,Garley,ngarley4x@upenn.edu,Male,170.1.254.177,80
179,Win,Volks,wvolks4y@ebay.co.uk,Male,174.211.225.134,91
180,Meredith,Gauvain,mgauvain4z@ocn.ne.jp,Male,13.226.227.158,41
181,Maison,Borghese,mborghese50@miibeian.gov.cn,Male,137.109.191.1,31
182,Edi,Cossentine,ecossentine51@1688.com,Female,195.20.42.96,92
183,Lucky,Wackett,lwackett52@godaddy.com,Female,128.231.244.177,66
184,Mathias,Sach,msach53@latimes.com,Male,165.97.87.59,41
185,Talyah,Stopher,tstopher54@unc.edu,Female,199.179.204.208,14
186,Viki,Rikkard,vrikkard55@ft.com,Female,39.50.120.236,33
187,Lin,Gillum,lgillum56@thetimes.co.uk,Male,44.167.253.114,46
188,Gibby,Mumbey,gmumbey57@house.gov,Male,48.148.20.25,63
189,Farra,Dillinger,fdillinger58@intel.com,Female,122.144.33.87,49
190,Karlotte,Hilbourne,khilbourne59@sciencedirect.com,Female,220.141.209.143,33
191,Peri,Burdis,pburdis5a@patch.com,Female,88.144.97.107,19
192,Noah,Stit,nstit5b@hhs.gov,Male,110.91.148.249,72
193,Myer,Hellyer,mhellyer5c@newsvine.com,Male,0.186.78.177,55
194,Burch,Ceaser,bceaser5d@github.com,Male,175.155.84.49,54
195,Wilhelmina,Bartali,wbartali5e@disqus.com,Female,201.109.219.105,78
196,Issi,Cowtherd,icowtherd5f@opera.com,Female,69.188.25.186,56
197,Roderick,Dochon,rdochon5g@eventbrite.com,Male,241.29.19.61,83
198,Arri,Krolik,akrolik5h@spiegel.de,Male,193.136.124.45,48
199,Dur,Prestage,dprestage5i@aol.com,Male,249.131.14.212,45
200,Latia,Anderton,landerton5j@digg.com,Female,96.174.170.122,38
201,Amelina,Alfonsetto,aalfonsetto5k@quantcast.com,Female,13.148.169.87,95
202,Nappy,Rops,nrops5l@ebay.co.uk,Male,5.142.25.19,13
203,Gilles,Shorie,gshorie5m@bloglines.com,Male,136.113.197.127,07
204,Igor,O'Hearn,iohearn5n@pcworld.com,Male,141.40.8.46,80
205,Collie,Anchor,canchor5o@discuz.net,Female,183.187.122.177,90
206,Franciskus,McMorland,fmcmorland5p@so-net.ne.jp,Male,240.136.25.70,04
207,Brant,Dot,bdot5q@mysql.com,Male,48.89.157.38,67
208,Wildon,Stoddard,wstoddard5r@imdb.com,Male,52.52.8.64,86
209,Karylin,Muff,kmuff5s@oracle.com,Female,212.97.191.14,48
210,Spence,Horrell,shorrell5t@howstuffworks.com,Male,205.180.91.225,96
211,Rhodie,Fosdyke,rfosdyke5u@ucoz.com,Female,40.233.212.62,84
212,Kelli,Inchcomb,kinchcomb5v@psu.edu,Female,133.160.1.243,37
213,Odo,Worster,oworster5w@typepad.com,Male,128.223.246.246,58
214,Kenna,Vanns,kvanns5x@msu.edu,Female,231.245.204.44,80
215,Frank,Wilsey,fwilsey5y@narod.ru,Male,40.51.109.218,08
216,Panchito,Rodson,prodson5z@flavors.me,Male,211.142.208.50,46
217,Ekaterina,Boecke,eboecke60@ft.com,Female,203.10.13.73,82
218,Merl,Mushart,mmushart61@dion.ne.jp,Female,130.164.169.176,81
219,Wendell,Wardlow,wwardlow62@usda.gov,Male,147.121.187.133,84
220,Emmy,Skelton,eskelton63@dion.ne.jp,Male,84.24.181.233,16
221,Beckie,Ciobotaru,bciobotaru64@gizmodo.com,Female,5.158.55.39,75
222,Malva,Simkovich,msimkovich65@ebay.co.uk,Female,22.164.225.187,80
223,Rosalia,Phillpotts,rphillpotts66@wikispaces.com,Female,214.228.137.12,06
224,Vickie,Rapier,vrapier67@usatoday.com,Female,152.143.56.39,67
225,Olag,Skipsea,oskipsea68@marketwatch.com,Male,179.252.158.123,75
226,Daisy,Gowry,dgowry69@answers.com,Female,134.125.171.80,36
227,Paxton,Giraldo,pgiraldo6a@edublogs.org,Male,153.11.228.197,06
228,Belva,Juppe,bjuppe6b@mapquest.com,Female,57.89.102.91,22
229,Gregorio,Reinard,greinard6c@skype.com,Male,125.9.130.57,06
230,Fitz,Trehearn,ftrehearn6d@aol.com,Male,70.193.254.222,68
231,Alex,Klassmann,aklassmann6e@acquirethisname.com,Male,43.230.131.47,33
232,Aaren,Monte,amonte6f@wikipedia.org,Female,67.123.243.108,83
233,Fay,Dallan,fdallan6g@nature.com,Female,156.219.44.78,22
234,Dael,Boorer,dboorer6h@goodreads.com,Male,43.140.181.129,67
235,Mata,Blowes,mblowes6i@discovery.com,Male,11.1.201.16,82
236,Hetti,Mattis,hmattis6j@gmpg.org,Female,148.109.233.140,79
237,Ellynn,Santen,esanten6k@wikipedia.org,Female,223.22.24.139,38
238,Anselm,Vaillant,availlant6l@dyndns.org,Male,28.185.172.193,66
239,Irving,Buckney,ibuckney6m@wufoo.com,Male,67.228.129.197,46
240,Emanuele,Stonuary,estonuary6n@sun.com,Male,46.100.218.169,68
241,Joanie,Paolacci,jpaolacci6o@google.de,Female,189.223.7.36,70
242,Jermayne,Liddle,jliddle6p@pinterest.com,Male,253.235.91.226,64
243,Vally,Laming,vlaming6q@constantcontact.com,Female,117.96.193.42,15
244,Bruno,Frangione,bfrangione6r@blogspot.com,Male,205.231.254.136,64
245,Cal,Mungan,cmungan6s@technorati.com,Male,106.125.158.47,03
246,Dix,Maier,dmaier6t@ustream.tv,Female,202.9.122.194,66
247,Otha,Alessandretti,oalessandretti6u@shutterfly.com,Female,1.21.186.147,21
248,Friedrick,Corkett,fcorkett6v@intel.com,Male,55.107.50.217,34
249,Toby,Balas,tbalas6w@e-recht24.de,Female,152.170.153.204,26
250,Thadeus,Klassman,tklassman6x@hubpages.com,Male,50.188.187.242,64
251,Olivette,Gerok,ogerok6y@wired.com,Female,122.185.3.58,44
252,Tedda,Vickress,tvickress6z@hexun.com,Female,166.229.90.226,91
253,Thomas,Hibbart,thibbart70@digg.com,Male,35.42.228.176,55
254,Winfred,Laurenceau,wlaurenceau71@deviantart.com,Male,88.76.61.163,06
255,Dagny,Bodega,dbodega72@yahoo.com,Male,194.153.52.120,91
256,Patrica,Ibbett,pibbett73@canalblog.com,Female,235.35.22.135,08
257,Agnesse,Sapwell,asapwell74@squidoo.com,Female,247.80.64.67,32
258,Morgan,Newdick,mnewdick75@buzzfeed.com,Female,145.96.167.195,83
259,Imojean,Ondrusek,iondrusek76@etsy.com,Female,30.52.130.138,87
260,Virgil,Purrington,vpurrington77@google.com,Male,46.149.54.118,70
261,Dulcine,Rickhuss,drickhuss78@t.co,Female,132.97.36.29,52
262,Teresita,Daout,tdaout79@angelfire.com,Female,188.71.182.35,32
263,Corny,Toffoletto,ctoffoletto7a@e-recht24.de,Female,13.255.66.162,56
264,Ganny,Dargie,gdargie7b@gizmodo.com,Male,178.65.220.117,12
265,Umeko,Arch,uarch7c@engadget.com,Female,26.144.26.159,43
266,Dayna,Stobbes,dstobbes7d@smh.com.au,Female,41.199.195.120,68
267,Terri-jo,Ebbings,tebbings7e@who.int,Female,75.168.123.137,12
268,Atlante,Merit,amerit7f@apache.org,Female,122.151.215.157,66
269,Aurilia,Ninotti,aninotti7g@washingtonpost.com,Female,179.86.210.233,55
270,Gerianna,Loisi,gloisi7h@cisco.com,Female,89.243.66.25,82
271,Benson,Kuscha,bkuscha7i@bluehost.com,Male,86.206.235.62,58
272,Justis,Ellissen,jellissen7j@behance.net,Male,11.123.54.123,94
273,Bent,Abrahmovici,babrahmovici7k@cnet.com,Male,60.159.242.34,90
274,Jeri,Gladbeck,jgladbeck7l@nih.gov,Female,14.114.60.54,44
275,Rochester,Pentin,rpentin7m@xinhuanet.com,Male,74.173.49.222,03
276,Sheffie,Syne,ssyne7n@umn.edu,Male,78.157.198.93,41
277,Korella,Guntrip,kguntrip7o@soup.io,Female,107.222.209.29,30
278,Ferdinande,Tremmil,ftremmil7p@time.com,Female,230.115.45.166,16
279,Cordell,Birdwhistle,cbirdwhistle7q@clickbank.net,Male,110.116.88.248,74
280,Hunfredo,Dragge,hdragge7r@amazon.com,Male,189.26.90.66,67
281,Traver,Fritschmann,tfritschmann7s@prnewswire.com,Male,33.167.94.125,50
282,Kara-lynn,Caraher,kcaraher7t@dedecms.com,Female,10.21.74.65,78
283,Verney,Cullen,vcullen7u@dot.gov,Male,18.18.61.151,90
284,Estrella,Palethorpe,epalethorpe7v@ocn.ne.jp,Female,152.0.85.254,08
285,Albertina,Tizzard,atizzard7w@wp.com,Female,149.57.179.3,67
286,Lemmy,Payne,lpayne7x@google.co.uk,Male,29.84.3.9,20
287,Lindsey,Downey,ldowney7y@unesco.org,Male,138.73.69.216,42
288,Aime,Dunican,adunican7z@barnesandnoble.com,Female,164.158.88.2,38
289,Claiborn,Baggs,cbaggs80@cafepress.com,Male,137.149.127.218,51
290,Aubry,McGready,amcgready81@google.es,Female,111.93.25.231,93
291,Alistair,Cleaver,acleaver82@wikipedia.org,Male,65.117.183.138,71
292,Barbe,Laetham,blaetham83@hp.com,Female,41.126.35.14,88
293,Gayelord,Knights,gknights84@qq.com,Male,99.245.45.9,99
294,Vasilis,Thurske,vthurske85@cisco.com,Male,75.117.90.90,64
295,Ephrem,Daysh,edaysh86@networkadvertising.org,Male,242.223.13.61,73
296,Onida,Novic,onovic87@hhs.gov,Female,187.158.148.174,94
297,Ian,Ricardo,iricardo88@shutterfly.com,Male,4.206.163.234,37
298,Kincaid,Semered,ksemered89@amazon.co.jp,Male,246.107.36.158,93
299,Nikolos,Botright,nbotright8a@sina.com.cn,Male,231.234.233.104,46
300,Tedd,Ferraro,tferraro8b@simplemachines.org,Male,210.249.179.158,23
301,Beverie,Blaksland,bblaksland8c@mac.com,Female,75.46.252.74,17
302,Eduardo,Riha,eriha8d@huffingtonpost.com,Male,99.17.54.139,25
303,Marco,Mowsdale,mmowsdale8e@home.pl,Male,243.223.77.171,68
304,Marylinda,Congdon,mcongdon8f@furl.net,Female,244.173.60.110,43
305,Wilmar,Maloney,wmaloney8g@yandex.ru,Male,72.224.163.105,63
306,Sal,Ciraldo,sciraldo8h@php.net,Male,118.9.221.146,13
307,Bron,Burchett,bburchett8i@unesco.org,Male,189.23.31.247,63
308,Dwight,Corington,dcorington8j@eventbrite.com,Male,222.142.168.30,87
309,Tully,Schimke,tschimke8k@deliciousdays.com,Male,253.86.152.175,52
310,Ivie,Frontczak,ifrontczak8l@soundcloud.com,Female,29.2.59.107,26
311,Jeanie,Glennon,jglennon8m@wunderground.com,Female,82.165.144.2,95
312,Gwenneth,Gamlin,ggamlin8n@nbcnews.com,Female,137.225.137.147,78
313,Osborn,Tattersdill,otattersdill8o@mediafire.com,Male,93.194.182.230,83
314,Joyce,Dumsday,jdumsday8p@meetup.com,Female,185.155.140.123,19
315,Cristobal,Norway,cnorway8q@google.nl,Male,39.186.228.232,69
316,Gavrielle,Paskin,gpaskin8r@devhub.com,Female,183.98.133.170,10
317,Jennine,Arundel,jarundel8s@netvibes.com,Female,107.233.191.14,02
318,Hayley,Pooly,hpooly8t@rambler.ru,Female,99.107.154.56,51
319,Nickolas,Lorey,nlorey8u@google.de,Male,12.136.136.238,82
320,Gus,Corben,gcorben8v@com.com,Female,206.186.218.229,18
321,Antonia,Merrick,amerrick8w@sciencedirect.com,Female,96.251.221.105,82
322,Nickolaus,Kennifeck,nkennifeck8x@usda.gov,Male,169.207.106.231,95
323,Buddie,Parchment,bparchment8y@geocities.jp,Male,130.152.36.61,74
324,Neile,Machon,nmachon8z@apple.com,Female,155.158.227.234,36
325,Stillman,Jursch,sjursch90@cyberchimps.com,Male,39.217.108.73,48
326,Frasquito,Pedrocchi,fpedrocchi91@businessinsider.com,Male,182.217.43.150,62
327,Giovanni,McCard,gmccard92@vk.com,Male,240.1.221.139,12
328,Mahmud,Sabbin,msabbin93@fda.gov,Male,121.141.37.176,92
329,Barrett,Aspy,baspy94@studiopress.com,Male,229.165.77.190,66
330,Arlina,Grahamslaw,agrahamslaw95@diigo.com,Female,4.67.12.182,77
331,Adoree,Pariss,apariss96@is.gd,Female,110.115.130.14,15
332,Aguie,Yewdale,ayewdale97@pagesperso-orange.fr,Male,76.110.173.166,10
333,Ivie,Nacey,inacey98@chron.com,Female,33.247.139.157,80
334,Carmelita,Gladstone,cgladstone99@fema.gov,Female,167.40.135.81,45
335,Sara-ann,Duxbury,sduxbury9a@prnewswire.com,Female,167.101.252.84,01
336,Christabel,Francescone,cfrancescone9b@paypal.com,Female,191.248.187.190,90
337,Natalya,Wiggall,nwiggall9c@hugedomains.com,Female,27.55.155.50,03
338,Michail,Durning,mdurning9d@sun.com,Male,217.63.158.228,13
339,Vergil,Kinsman,vkinsman9e@seesaa.net,Male,198.15.236.172,03
340,Dacy,Jans,djans9f@tuttocitta.it,Female,70.54.2.111,98
341,Dani,Howden,dhowden9g@whitehouse.gov,Male,32.211.47.71,95
342,Merell,Kieff,mkieff9h@sogou.com,Male,57.214.178.55,09
343,Rena,Daines,rdaines9i@tuttocitta.it,Female,42.154.190.75,94
344,Walther,Meaton,wmeaton9j@nsw.gov.au,Male,141.188.17.47,41
345,Ker,Rillett,krillett9k@squarespace.com,Male,101.6.213.70,78
346,Nappie,Mulchrone,nmulchrone9l@csmonitor.com,Male,243.119.186.214,98
347,Aeriel,Battams,abattams9m@adobe.com,Female,52.119.100.15,98
348,Nick,Brane,nbrane9n@zdnet.com,Male,143.215.192.83,90
349,Zedekiah,Boal,zboal9o@github.io,Male,16.243.183.242,81
350,Janot,Basilotta,jbasilotta9p@vinaora.com,Female,127.36.129.32,36
351,Lyndsie,Elloway,lelloway9q@people.com.cn,Female,47.134.72.174,51
352,Pearline,Moncreiff,pmoncreiff9r@tripadvisor.com,Female,154.31.13.65,18
353,Carlen,Elldred,celldred9s@yelp.com,Female,90.19.224.119,33
354,Garvin,Pimmocke,gpimmocke9t@yahoo.co.jp,Male,169.163.225.116,41
355,Cecil,Wrates,cwrates9u@opera.com,Male,231.112.223.23,32
356,Titos,McMylor,tmcmylor9v@webeden.co.uk,Male,158.92.43.162,46
357,Liuka,Rudloff,lrudloff9w@zimbio.com,Female,131.128.55.184,32
358,Adelle,Slite,aslite9x@ucla.edu,Female,214.148.84.208,13
359,Carmelina,Stroband,cstroband9y@zimbio.com,Female,18.43.26.51,91
360,Tobit,Boothroyd,tboothroyd9z@dyndns.org,Male,80.3.174.77,32
361,Pearle,Ellens,pellensa0@qq.com,Female,231.199.149.120,19
362,Kinny,Joanic,kjoanica1@linkedin.com,Male,212.113.255.160,09
363,Geordie,Mindenhall,gmindenhalla2@odnoklassniki.ru,Male,163.239.38.222,97
364,Joshia,McIlwreath,jmcilwreatha3@liveinternet.ru,Male,99.1.166.194,26
365,Remy,Schwieso,rschwiesoa4@newsvine.com,Female,98.85.22.164,82
366,Gerty,Johannes,gjohannesa5@amazon.com,Female,206.248.61.63,09
367,Garnette,Dellenbach,gdellenbacha6@chicagotribune.com,Female,95.126.227.176,87
368,Davie,Pirelli,dpirellia7@mapquest.com,Male,206.93.55.98,54
369,Currey,Schanke,cschankea8@goo.gl,Male,248.243.240.189,21
370,Enrichetta,Tinniswood,etinniswooda9@fotki.com,Female,247.156.250.65,71
371,Waylin,Ogg,woggaa@umn.edu,Male,28.74.248.62,88
372,Olivero,Eilles,oeillesab@etsy.com,Male,138.229.119.200,82
373,Miles,Davie,mdavieac@cbslocal.com,Male,74.159.33.234,44
374,Dun,Thurman,dthurmanad@utexas.edu,Male,171.148.41.155,36
375,Collete,McCathay,cmccathayae@delicious.com,Female,28.227.184.50,35
376,Marcelia,Eadington,meadingtonaf@ftc.gov,Female,23.222.85.99,06
377,Reba,Birdwhistell,rbirdwhistellag@odnoklassniki.ru,Female,76.3.70.24,54
378,Royall,Rougier,rrougierah@ft.com,Male,108.175.215.20,82
379,Glennis,Guitt,gguittai@last.fm,Female,70.229.214.177,55
380,Nicolai,Fitzsimons,nfitzsimonsaj@ft.com,Male,48.31.250.9,02
381,Arleyne,Chatell,achatellak@fotki.com,Female,128.185.159.66,16
382,Stanwood,Whatmough,swhatmoughal@jigsy.com,Male,235.95.230.37,84
383,Perry,Arguile,parguileam@noaa.gov,Male,187.89.191.182,70
384,Ludovico,Jeannaud,ljeannaudan@twitpic.com,Male,224.89.196.35,31
385,Ned,Camis,ncamisao@bandcamp.com,Male,124.43.0.175,07
386,Jean,Lagneaux,jlagneauxap@cbsnews.com,Female,125.9.15.238,11
387,Keen,McBean,kmcbeanaq@naver.com,Male,30.32.9.122,07
388,Lynette,Pettett,lpettettar@privacy.gov.au,Female,141.237.190.53,38
389,Frank,Sandes,fsandesas@infoseek.co.jp,Male,64.44.155.157,33
390,Salli,Caron,scaronat@sun.com,Female,197.59.45.235,95
391,Keefe,Luby,klubyau@webmd.com,Male,44.168.115.132,75
392,Denver,Kirsz,dkirszav@biblegateway.com,Male,147.86.159.197,44
393,Genny,Hubbins,ghubbinsaw@odnoklassniki.ru,Female,118.126.210.206,31
394,Faun,Keywood,fkeywoodax@si.edu,Female,37.230.74.84,79
395,Mohandis,Everix,meverixay@xrea.com,Male,29.164.199.66,11
396,Theodoric,Prandy,tprandyaz@google.cn,Male,36.214.235.85,49
397,Rozanne,Pothecary,rpothecaryb0@nih.gov,Female,16.82.125.40,43
398,Morley,Lafflin,mlafflinb1@nationalgeographic.com,Male,14.166.232.64,74
399,Jerrie,Lawlings,jlawlingsb2@acquirethisname.com,Female,161.53.77.223,89
400,Artemis,Abrahamsohn,aabrahamsohnb3@indiegogo.com,Male,152.91.246.179,10
401,Dean,Neild,dneildb4@netlog.com,Male,191.23.180.133,29
402,Adelice,Pibsworth,apibsworthb5@archive.org,Female,140.207.225.111,15
403,Abner,Edlyn,aedlynb6@ocn.ne.jp,Male,113.28.150.90,88
404,Michale,Caffery,mcafferyb7@booking.com,Male,128.4.125.64,44
405,Hodge,Drinkall,hdrinkallb8@bravesites.com,Male,47.212.132.132,27
406,Gabe,Attaway,gattawayb9@freewebs.com,Male,71.166.131.226,37
407,Dallas,Sooley,dsooleyba@facebook.com,Female,231.42.121.205,19
408,Eleanore,Cess,ecessbb@theatlantic.com,Female,209.139.172.182,21
409,Collin,Deveral,cdeveralbc@addthis.com,Male,105.46.21.196,16
410,Chilton,Heasman,cheasmanbd@usgs.gov,Male,240.45.52.242,99
411,Goldina,MacCafferty,gmaccaffertybe@sun.com,Female,95.15.41.60,74
412,Austina,Gronowe,agronowebf@gizmodo.com,Female,46.18.233.101,49
413,Christopher,Hurll,churllbg@last.fm,Male,74.97.208.25,44
414,Dino,Valentim,dvalentimbh@nih.gov,Male,78.132.38.9,16
415,Shelby,Stainson,sstainsonbi@hostgator.com,Female,245.86.56.102,43
416,Fulvia,Dennerly,fdennerlybj@tripod.com,Female,126.41.160.137,82
417,Annora,Cone,aconebk@a8.net,Female,234.41.175.65,78
418,Petronille,Sparwell,psparwellbl@loc.gov,Female,38.66.16.139,77
419,Aidan,Espino,aespinobm@pinterest.com,Female,81.87.154.121,21
420,Sully,Mytton,smyttonbn@mlb.com,Male,190.122.113.44,88
421,Dollie,Jerzycowski,djerzycowskibo@mlb.com,Female,71.144.28.121,54
422,Cicely,Pervew,cpervewbp@com.com,Female,176.236.165.67,81
423,Teodorico,Brendish,tbrendishbq@jalbum.net,Male,99.91.117.86,50
424,Silvana,Brightman,sbrightmanbr@sfgate.com,Female,137.147.197.77,62
425,Bernetta,McKerrow,bmckerrowbs@vimeo.com,Female,198.230.120.212,81
426,Myrilla,Lubbock,mlubbockbt@harvard.edu,Female,167.142.140.126,62
427,Adena,Delacour,adelacourbu@qq.com,Female,74.236.216.238,29
428,Sybilla,Vigors,svigorsbv@loc.gov,Female,254.63.76.46,04
429,Francoise,Wedderburn,fwedderburnbw@google.co.uk,Female,165.3.71.38,52
430,Thedric,Kinkaid,tkinkaidbx@wikipedia.org,Male,240.189.67.58,79
431,Genvieve,Goodding,ggooddingby@freewebs.com,Female,202.167.243.243,33
432,Vidovik,Wilcott,vwilcottbz@pagesperso-orange.fr,Male,249.225.227.244,88
433,Jake,Ringsell,jringsellc0@multiply.com,Male,231.34.29.42,99
434,Marquita,Cristofvao,mcristofvaoc1@nba.com,Female,85.127.142.189,52
435,Gualterio,Goslin,ggoslinc2@paginegialle.it,Male,29.77.230.69,06
436,Randi,Jankowski,rjankowskic3@mail.ru,Female,30.138.225.62,02
437,Kip,Stearn,kstearnc4@apache.org,Female,168.29.133.126,03
438,Bonnie,Wescott,bwescottc5@nytimes.com,Female,8.156.182.144,78
439,Richard,Felton,rfeltonc6@dailymotion.com,Male,132.167.239.46,84
440,Emyle,Lettsom,elettsomc7@behance.net,Female,93.105.154.54,48
441,Tatiania,Hassent,thassentc8@fda.gov,Female,9.123.119.191,63
442,Marabel,Brack,mbrackc9@cdc.gov,Female,50.164.83.151,34
443,Baron,Pepperd,bpepperdca@geocities.jp,Male,173.67.10.205,55
444,Valera,Knibbs,vknibbscb@upenn.edu,Female,166.231.226.6,96
445,Egor,Matic,ematiccc@guardian.co.uk,Male,209.184.121.137,31
446,Teresita,Wrey,twreycd@ocn.ne.jp,Female,213.138.24.150,29
447,Rodolfo,Rothschild,rrothschildce@usnews.com,Male,91.203.150.121,36
448,Tomkin,Gouldeby,tgouldebycf@blog.com,Male,231.154.89.247,93
449,Chev,O'Halligan,cohalligancg@stumbleupon.com,Male,91.198.55.154,64
450,Casper,Philipet,cphilipetch@columbia.edu,Male,142.129.218.149,91
451,Ferguson,Martini,fmartinici@webs.com,Male,77.224.17.86,70
452,Paulette,Dummigan,pdummigancj@mapy.cz,Female,151.110.246.3,53
453,Raff,Sinkins,rsinkinsck@howstuffworks.com,Male,182.105.32.125,45
454,Boothe,Wrathmall,bwrathmallcl@4shared.com,Male,94.243.183.170,60
455,Fabien,Connop,fconnopcm@state.gov,Male,209.248.90.170,72
456,Magdalene,Garlee,mgarleecn@aol.com,Female,239.108.111.1,12
457,Sibella,Dugmore,sdugmoreco@google.de,Female,195.208.54.188,43
458,Aimil,Fulep,afulepcp@psu.edu,Female,183.170.171.17,37
459,Glory,Lewknor,glewknorcq@altervista.org,Female,32.114.138.118,66
460,Dominik,Rayner,draynercr@aboutads.info,Male,165.245.200.69,18
461,Beale,Robyns,brobynscs@aboutads.info,Male,28.133.194.239,48
462,Chris,Wingate,cwingatect@hubpages.com,Female,201.240.199.151,73
463,Hastie,Eldridge,heldridgecu@typepad.com,Male,201.87.180.117,99
464,Anni,Lambricht,alambrichtcv@myspace.com,Female,68.36.108.67,38
465,Wilek,Ditchburn,wditchburncw@t.co,Male,147.196.103.99,47
466,Lorne,Valance,lvalancecx@arizona.edu,Male,120.254.147.92,59
467,Aluino,Gaddesby,agaddesbycy@oakley.com,Male,213.250.203.164,22
468,Kristofer,Gullis,kgulliscz@lulu.com,Male,206.131.248.157,77
469,Rudolfo,Grahl,rgrahld0@odnoklassniki.ru,Male,234.179.252.251,86
470,Lucho,Cowin,lcowind1@dailymail.co.uk,Male,204.110.213.32,14
471,Haily,Andryushchenko,handryushchenkod2@amazon.com,Male,210.76.157.55,32
472,Ansel,Landeaux,alandeauxd3@skype.com,Male,133.107.113.11,33
473,Berton,Cahalin,bcahalind4@blogger.com,Male,188.232.173.228,57
474,Billy,Shilito,bshilitod5@utexas.edu,Male,140.104.231.147,91
475,Edna,Gier,egierd6@bigcartel.com,Female,48.163.89.244,76
476,Thedric,Bassick,tbassickd7@intel.com,Male,100.22.77.128,22
477,Osborne,Kobus,okobusd8@jiathis.com,Male,52.252.169.64,69
478,Dionne,Kibbey,dkibbeyd9@live.com,Female,173.101.133.30,57
479,Reilly,Beedle,rbeedleda@craigslist.org,Male,148.177.152.181,24
480,Freddie,De Normanville,fdenormanvilledb@webnode.com,Male,178.155.61.42,04
481,Eliot,Kryska,ekryskadc@delicious.com,Male,27.68.190.224,31
482,Elita,Pigden,epigdendd@sohu.com,Female,44.140.141.83,95
483,Robby,Jeanesson,rjeanessonde@dedecms.com,Female,247.143.89.165,88
484,Roselia,Grelak,rgrelakdf@independent.co.uk,Female,28.242.186.61,37
485,Luther,Fuge,lfugedg@godaddy.com,Male,53.69.225.239,86
486,Malissa,Bond,mbonddh@fc2.com,Female,99.96.2.178,56
487,Abbie,Berrie,aberriedi@hugedomains.com,Female,207.97.173.173,59
488,Caz,Spolton,cspoltondj@berkeley.edu,Male,83.112.221.172,76
489,Jaquenetta,Hellen,jhellendk@thetimes.co.uk,Female,52.11.44.54,42
490,Jeremie,Doumerque,jdoumerquedl@constantcontact.com,Male,255.157.103.158,60
491,Trisha,Dudgeon,tdudgeondm@qq.com,Female,215.148.85.2,39
492,Hallsy,Ullyatt,hullyattdn@hexun.com,Male,186.248.220.65,07
493,Burl,Vardey,bvardeydo@photobucket.com,Male,63.11.223.20,05
494,Flss,Bohler,fbohlerdp@unicef.org,Female,134.28.113.82,06
495,Jerome,Idale,jidaledq@hp.com,Male,135.39.38.201,83
496,Lenci,Neeson,lneesondr@wikipedia.org,Male,109.61.101.157,87
497,Alyson,Godlip,agodlipds@yandex.ru,Female,76.241.125.165,90
498,Urbano,Tweedlie,utweedliedt@boston.com,Male,166.194.190.44,19
499,Erhart,Antusch,eantuschdu@techcrunch.com,Male,46.196.173.229,76
500,Blane,Carrabott,bcarrabottdv@nbcnews.com,Male,7.160.134.179,62
501,Coraline,Sheircliffe,csheircliffedw@google.co.jp,Female,0.142.81.144,27
502,Catha,Cartmill,ccartmilldx@hp.com,Female,9.250.249.32,36
503,Darcy,Lackner,dlacknerdy@google.pl,Male,195.100.240.80,23
504,Edd,Vondrak,evondrakdz@yale.edu,Male,2.134.35.248,75
505,Flo,Gores,fgorese0@statcounter.com,Female,193.151.68.149,50
506,Bradly,Voce,bvocee1@marriott.com,Male,93.41.48.78,67
507,Rosalia,Clipson,rclipsone2@npr.org,Female,41.30.55.29,78
508,Shani,Cestard,scestarde3@homestead.com,Female,45.241.76.132,99
509,Darb,Merigot,dmerigote4@harvard.edu,Male,254.240.138.243,01
510,Robbert,Lintall,rlintalle5@mapquest.com,Male,211.200.202.0,64
511,Quintus,McGunley,qmcgunleye6@europa.eu,Male,126.159.99.232,53
512,Gary,Beaze,gbeazee7@redcross.org,Male,94.142.204.201,56
513,Willard,Caughan,wcaughane8@latimes.com,Male,95.242.249.27,00
514,Bendix,Bice,bbicee9@angelfire.com,Male,73.85.23.196,85
515,Starlene,Eller,sellerea@printfriendly.com,Female,223.181.167.174,08
516,Shaine,Formigli,sformiglieb@amazon.de,Male,9.52.160.137,38
517,Ebeneser,Stennings,estenningsec@edublogs.org,Male,207.68.106.64,98
518,Gian,Reynish,greynished@nyu.edu,Male,197.199.6.186,70
519,Pennie,McCraine,pmccraineee@flavors.me,Female,208.134.131.60,12
520,Iggie,Fothergill,ifothergillef@last.fm,Male,238.120.183.219,11
521,Cleve,Conklin,cconklineg@spiegel.de,Male,226.194.35.175,06
522,Clifford,Seymour,cseymoureh@moonfruit.com,Male,253.159.156.126,23
523,Kiah,Laverenz,klaverenzei@apache.org,Female,155.155.56.235,89
524,Kahlil,Gorringe,kgorringeej@zdnet.com,Male,206.253.175.35,02
525,Anetta,Golsthorp,agolsthorpek@naver.com,Female,188.187.231.74,93
526,Caressa,Grono,cgronoel@biblegateway.com,Female,3.21.12.117,44
527,Carita,Gadd,cgaddem@paypal.com,Female,179.227.179.177,61
528,Pernell,O'Doohaine,podoohaineen@vistaprint.com,Male,166.26.105.176,94
529,Trina,Boltwood,tboltwoodeo@alibaba.com,Female,119.191.225.128,19
530,Mela,Bysaker,mbysakerep@nhs.uk,Female,89.26.112.215,86
531,Warner,Graysmark,wgraysmarkeq@flavors.me,Male,28.39.188.136,00
532,Westley,Pentelow,wpentelower@bigcartel.com,Male,181.156.204.167,53
533,Gwyneth,Lackie,glackiees@ed.gov,Female,207.146.118.30,93
534,Wit,Brok,wbroket@princeton.edu,Male,153.102.204.132,99
535,Lief,McElhinney,lmcelhinneyeu@ftc.gov,Male,80.152.228.64,64
536,Goldy,Dingle,gdingleev@nature.com,Female,119.241.102.183,26
537,Pennie,Stanbury,pstanburyew@theatlantic.com,Male,62.124.37.143,16
538,Tiphanie,Blabey,tblabeyex@cbc.ca,Female,157.97.48.203,05
539,Dory,Smout,dsmoutey@lulu.com,Female,130.67.85.171,11
540,Ginnie,Stoad,gstoadez@liveinternet.ru,Female,98.125.196.206,83
541,Tomasina,Pluvier,tpluvierf0@networkadvertising.org,Female,175.201.241.91,04
542,Filia,Sellstrom,fsellstromf1@hud.gov,Female,52.96.146.97,53
543,Cecil,Jerams,cjeramsf2@jimdo.com,Male,163.49.244.5,81
544,Harwilll,Mendus,hmendusf3@bloglines.com,Male,242.171.122.100,20
545,Codie,Applebee,capplebeef4@europa.eu,Male,171.129.154.11,59
546,Tarrance,Sahlstrom,tsahlstromf5@hubpages.com,Male,251.197.249.85,84
547,Hi,Stevenson,hstevensonf6@webnode.com,Male,238.183.19.249,29
548,Estel,Crowley,ecrowleyf7@wufoo.com,Female,204.14.254.3,45
549,Murielle,Rosterne,mrosternef8@digg.com,Female,193.90.71.103,13
550,Yance,Hickin,yhickinf9@xinhuanet.com,Male,200.95.204.192,69
551,Demetria,Thirkettle,dthirkettlefa@unc.edu,Female,52.164.207.174,81
552,Joceline,Hillan,jhillanfb@soup.io,Female,185.230.8.8,24
553,Dorie,Lacotte,dlacottefc@yolasite.com,Male,202.202.142.171,08
554,Cedric,Dober,cdoberfd@freewebs.com,Male,185.255.2.49,22
555,Lenora,Vlasov,lvlasovfe@squidoo.com,Female,66.222.112.97,85
556,Alanah,Poel,apoelff@hud.gov,Female,147.151.231.15,36
557,Hewie,Eingerfield,heingerfieldfg@dell.com,Male,73.94.55.168,00
558,Ganny,Etter,getterfh@sbwire.com,Male,65.112.187.95,77
559,Yancy,Atheis,yatheisfi@sphinn.com,Male,55.87.255.60,50
560,Kelley,Beggs,kbeggsfj@amazon.de,Female,35.248.152.210,33
561,Roxana,Hought,rhoughtfk@de.vu,Female,91.215.32.74,48
562,Jerrold,Rodders,jroddersfl@dot.gov,Male,113.92.14.236,99
563,Mariele,Seaborn,mseabornfm@businessweek.com,Female,50.88.131.102,45
564,Paten,Faraday,pfaradayfn@twitter.com,Male,66.243.118.110,94
565,Adair,Fillan,afillanfo@irs.gov,Male,255.199.154.34,93
566,Lucio,Aykroyd,laykroydfp@abc.net.au,Male,234.209.53.13,06
567,Lil,Organ,lorganfq@parallels.com,Female,105.197.104.229,33
568,Cirillo,Dackombe,cdackombefr@cnet.com,Male,36.54.48.179,93
569,Nicoli,Dewen,ndewenfs@bandcamp.com,Female,196.203.109.148,37
570,Kathlin,Pople,kpopleft@pinterest.com,Female,105.90.169.243,11
571,Clark,Phython,cphythonfu@loc.gov,Male,43.121.164.101,59
572,Moyna,Niece,mniecefv@tuttocitta.it,Female,210.96.43.187,82
573,Kesley,Bucknill,kbucknillfw@angelfire.com,Female,116.255.29.176,53
574,Tedman,Cicchitello,tcicchitellofx@homestead.com,Male,220.144.50.187,64
575,Saunderson,Tabary,stabaryfy@deliciousdays.com,Male,35.11.94.170,49
576,Chryste,Mordecai,cmordecaifz@surveymonkey.com,Female,214.205.185.210,55
577,Cleon,Davydoch,cdavydochg0@chronoengine.com,Male,220.167.49.223,07
578,Neille,Richin,nriching1@ycombinator.com,Female,249.85.153.132,84
579,Gabbey,Swinburne,gswinburneg2@yelp.com,Female,123.68.151.107,72
580,Myrtia,Syde,msydeg3@ocn.ne.jp,Female,254.184.147.125,33
581,Huntington,Lehon,hlehong4@hao123.com,Male,61.90.202.230,06
582,Farley,Cattroll,fcattrollg5@dailymail.co.uk,Male,52.53.245.176,56
583,Derk,Hickisson,dhickissong6@myspace.com,Male,42.167.188.243,53
584,Nike,Patty,npattyg7@multiply.com,Female,2.70.94.207,18
585,Vaclav,Headon,vheadong8@hibu.com,Male,234.208.197.93,53
586,Grata,Jesse,gjesseg9@hc360.com,Female,196.117.254.37,25
587,Joly,Malecky,jmaleckyga@joomla.org,Female,66.95.59.7,28
588,Jarvis,Comerford,jcomerfordgb@reference.com,Male,127.250.195.33,99
589,Dorri,Braundt,dbraundtgc@dot.gov,Female,92.190.198.149,38
590,Callie,Hartus,chartusgd@t-online.de,Female,14.123.111.186,39
591,Marsha,Brise,mbrisege@google.com.au,Female,242.78.93.235,64
592,Witty,Vigers,wvigersgf@barnesandnoble.com,Male,234.99.180.140,48
593,Josselyn,Jehaes,jjehaesgg@about.com,Female,235.98.191.118,34
594,Ricki,Glanfield,rglanfieldgh@lycos.com,Male,37.201.21.180,22
595,Gabriel,Shorter,gshortergi@nba.com,Male,179.90.78.89,34
596,Wrennie,Lindl,wlindlgj@last.fm,Female,230.113.117.56,41
597,Man,Libbey,mlibbeygk@amazon.co.jp,Male,190.16.39.172,52
598,Locke,Flitcroft,lflitcroftgl@godaddy.com,Male,208.80.25.38,76
599,Ulysses,Baldocci,ubaldoccigm@angelfire.com,Male,191.79.5.131,30
600,Marjie,Wynn,mwynngn@va.gov,Female,9.254.188.118,37
601,Imelda,Thomann,ithomanngo@macromedia.com,Female,175.83.156.199,09
602,Raeann,Bonsey,rbonseygp@ft.com,Female,85.26.6.100,38
603,Benedikt,Cutts,bcuttsgq@arizona.edu,Male,8.2.49.23,10
604,Artemis,Kershow,akershowgr@salon.com,Male,57.141.26.102,21
605,Victoria,Jacqueminot,vjacqueminotgs@prnewswire.com,Female,35.248.112.173,73
606,Augustin,Gumby,agumbygt@wp.com,Male,208.238.37.110,40
607,Mayne,Potter,mpottergu@pcworld.com,Male,207.1.210.239,47
608,Damian,Toppin,dtoppingv@printfriendly.com,Male,143.108.210.122,40
609,Fernanda,Kidstone,fkidstonegw@ted.com,Female,213.37.225.39,71
610,Carmelle,Perch,cperchgx@japanpost.jp,Female,134.54.253.92,96
611,Noach,Harnett,nharnettgy@yandex.ru,Male,15.134.178.15,12
612,Jens,Shere,jsheregz@earthlink.net,Male,68.5.178.45,98
613,Ephrem,Gostridge,egostridgeh0@engadget.com,Male,232.160.160.34,52
614,Maiga,Kalker,mkalkerh1@sitemeter.com,Female,139.111.142.227,37
615,Fidole,Dowse,fdowseh2@blogger.com,Male,169.196.57.64,15
616,Randa,Swannie,rswannieh3@si.edu,Female,141.236.101.231,04
617,Denise,Pett,dpetth4@cmu.edu,Female,179.41.154.57,59
618,Will,MacQuarrie,wmacquarrieh5@fc2.com,Male,149.120.180.211,36
619,Chelsae,Oseland,coselandh6@ocn.ne.jp,Female,194.46.45.77,57
620,Deedee,Bromwich,dbromwichh7@godaddy.com,Female,202.70.236.226,58
621,Donalt,Charter,dcharterh8@apple.com,Male,148.165.162.251,68
622,Eirena,Chaytor,echaytorh9@ucoz.com,Female,65.190.109.26,57
623,Jo,Jurkowski,jjurkowskiha@stanford.edu,Male,182.228.22.190,71
624,Osbourn,Ludovico,oludovicohb@zdnet.com,Male,6.115.79.67,79
625,Maud,Vardy,mvardyhc@java.com,Female,147.104.129.169,42
626,Phil,Pigot,ppigothd@dyndns.org,Female,248.197.149.131,71
627,Miner,Hook,mhookhe@icio.us,Male,211.238.3.136,74
628,Barry,Doutch,bdoutchhf@reddit.com,Female,105.166.47.36,92
629,Ingram,Drever,idreverhg@goo.gl,Male,198.14.90.180,28
630,Abe,Gosling,agoslinghh@godaddy.com,Male,69.84.160.171,26
631,Raddie,Decort,rdecorthi@amazon.com,Male,204.160.227.73,79
632,Harold,Hauch,hhauchhj@webeden.co.uk,Male,154.200.7.214,15
633,Antin,Pinson,apinsonhk@newsvine.com,Male,99.209.54.226,87
634,Cal,Stuer,cstuerhl@gizmodo.com,Male,30.129.233.22,95
635,Christabella,Selbach,cselbachhm@ycombinator.com,Female,20.58.184.102,63
636,Kimball,Gierke,kgierkehn@mediafire.com,Male,166.120.227.220,90
637,Dorian,Mate,dmateho@theglobeandmail.com,Male,99.130.153.187,22
638,Berton,Freeborn,bfreebornhp@wufoo.com,Male,143.90.209.233,24
639,Austen,Clee,acleehq@facebook.com,Male,28.94.184.137,32
640,Annamarie,Vlasyev,avlasyevhr@deliciousdays.com,Female,58.168.97.78,92
641,Philly,Issatt,pissatths@sbwire.com,Female,7.71.222.113,42
642,Lesly,Eake,leakeht@fema.gov,Female,117.26.87.1,23
643,Esmaria,Allom,eallomhu@live.com,Female,108.136.1.172,92
644,Kienan,Fishley,kfishleyhv@apache.org,Male,101.120.177.126,78
645,Delano,Wakley,dwakleyhw@1und1.de,Male,25.141.93.160,99
646,Rhys,McMickan,rmcmickanhx@walmart.com,Male,143.81.35.91,31
647,Enos,Millott,emillotthy@vistaprint.com,Male,205.27.185.33,91
648,Melina,Jedrzejczak,mjedrzejczakhz@prlog.org,Female,27.5.142.97,41
649,Latisha,Noblett,lnobletti0@squarespace.com,Female,196.34.39.74,25
650,Kylynn,Lindeberg,klindebergi1@who.int,Female,75.133.160.198,98
651,Margaret,Chellenham,mchellenhami2@lycos.com,Female,227.204.61.163,68
652,Junina,Ticehurst,jticehursti3@arizona.edu,Female,25.91.193.237,28
653,Hayward,Pavese,hpavesei4@lulu.com,Male,114.167.192.215,98
654,Marney,Cady,mcadyi5@nifty.com,Female,93.228.101.73,07
655,Deonne,Ellacombe,dellacombei6@discovery.com,Female,132.45.153.157,87
656,Karole,Raynor,kraynori7@biblegateway.com,Female,221.104.212.52,22
657,Cortney,Everall,ceveralli8@alexa.com,Female,170.252.75.49,90
658,Bette-ann,Puckinghorne,bpuckinghornei9@a8.net,Female,17.188.70.24,29
659,Kim,Georgeson,kgeorgesonia@php.net,Male,35.150.211.29,46
660,Dorie,Roby,drobyib@trellian.com,Male,95.7.159.3,97
661,Booth,Eggers,beggersic@github.io,Male,44.40.43.98,54
662,Terrill,Ligertwood,tligertwoodid@imgur.com,Male,240.243.44.91,51
663,Birdie,Pleasaunce,bpleasaunceie@angelfire.com,Female,210.97.91.193,91
664,Nelson,Van Dale,nvandaleif@google.com.hk,Male,17.84.90.228,40
665,Berni,Ohms,bohmsig@chronoengine.com,Female,232.154.135.73,16
666,Michael,Goodrum,mgoodrumih@csmonitor.com,Male,48.244.143.34,48
667,Rutter,Rakestraw,rrakestrawii@jalbum.net,Male,168.34.130.160,58
668,Cassius,Adney,cadneyij@ucoz.com,Male,116.27.132.117,02
669,Tomkin,Parlor,tparlorik@examiner.com,Male,8.35.65.129,37
670,Gus,Jerrome,gjerromeil@bloglines.com,Male,255.15.104.3,98
671,Anselm,Twiddell,atwiddellim@engadget.com,Male,103.83.106.60,43
672,Karil,Skehan,kskehanin@jugem.jp,Female,142.74.106.59,21
673,Rriocard,Tipton,rtiptonio@people.com.cn,Male,255.204.203.39,14
674,Ina,Dignon,idignonip@google.com,Female,25.7.76.114,16
675,Abba,Van Arsdall,avanarsdalliq@ihg.com,Male,190.161.104.54,27
676,Oneida,Beazley,obeazleyir@dropbox.com,Female,247.221.150.155,10
677,Rayshell,Greenslade,rgreensladeis@tuttocitta.it,Female,108.229.100.159,16
678,Rip,Traill,rtraillit@canalblog.com,Male,54.252.193.153,01
679,Flynn,Petrina,fpetrinaiu@1und1.de,Male,187.109.109.183,43
680,Theresina,MacCart,tmaccartiv@youtu.be,Female,157.245.143.167,07
681,Maegan,Speedin,mspeediniw@imgur.com,Female,153.76.232.41,87
682,Xerxes,Williams,xwilliamsix@hugedomains.com,Male,162.226.35.227,20
683,Leshia,Butting,lbuttingiy@youtube.com,Female,137.140.52.10,58
684,Torre,Garner,tgarneriz@tuttocitta.it,Male,47.28.22.125,47
685,Anna,Kiddye,akiddyej0@unc.edu,Female,87.56.212.217,66
686,Chariot,McFayden,cmcfaydenj1@spiegel.de,Male,76.68.186.84,01
687,Christian,Critoph,ccritophj2@google.es,Female,58.176.126.87,32
688,Alys,Woodford,awoodfordj3@tumblr.com,Female,251.243.162.190,63
689,Crystie,Allawy,callawyj4@narod.ru,Female,122.160.159.82,98
690,Brandea,Hakonsen,bhakonsenj5@hud.gov,Female,129.170.46.27,70
691,Edvard,Southcott,esouthcottj6@cafepress.com,Male,226.111.136.225,01
692,Laurens,Dumbreck,ldumbreckj7@ehow.com,Male,7.26.43.13,11
693,Andrei,Needham,aneedhamj8@netvibes.com,Female,0.54.156.112,14
694,Haley,Cutajar,hcutajarj9@youtube.com,Male,167.137.235.113,25
695,Bari,Tyndall,btyndallja@chron.com,Female,171.30.159.33,30
696,Lonnard,Scottini,lscottinijb@example.com,Male,141.247.253.12,50
697,Iolande,Jefford,ijeffordjc@nationalgeographic.com,Female,60.49.10.107,32
698,Shellie,Hambly,shamblyjd@vimeo.com,Female,221.173.54.31,30
699,Carmita,Poulett,cpoulettje@canalblog.com,Female,111.31.148.99,81
700,Mauricio,Murfett,mmurfettjf@google.pl,Male,121.84.69.19,02
701,Clem,Plomer,cplomerjg@dmoz.org,Female,149.173.94.84,84
702,Bjorn,Hillock,bhillockjh@wufoo.com,Male,191.83.246.27,70
703,Maurice,Ransfield,mransfieldji@huffingtonpost.com,Male,54.35.234.171,17
704,Marcellina,Halcro,mhalcrojj@indiatimes.com,Female,212.217.103.228,90
705,Trent,Kinvan,tkinvanjk@arizona.edu,Male,125.254.242.37,24
706,Vanda,Deinhardt,vdeinhardtjl@liveinternet.ru,Female,145.94.59.136,78
707,Neilla,Struys,nstruysjm@fotki.com,Female,180.29.157.250,21
708,Lind,Chamberlen,lchamberlenjn@state.tx.us,Male,44.8.11.133,94
709,Carlynn,Bodicum,cbodicumjo@ifeng.com,Female,142.208.234.39,45
710,Philippe,Camilli,pcamillijp@theguardian.com,Female,111.77.75.177,65
711,Chicky,Kindle,ckindlejq@uiuc.edu,Male,90.132.160.177,53
712,Lauraine,McGlade,lmcgladejr@pbs.org,Female,125.208.178.26,75
713,Brody,Dumingos,bdumingosjs@oakley.com,Male,41.2.183.230,81
714,Lawry,Luquet,lluquetjt@cbc.ca,Male,15.255.75.233,61
715,Joe,Burford,jburfordju@deviantart.com,Male,184.19.106.145,16
716,Ailbert,Gonning,agonningjv@yahoo.com,Male,15.233.135.28,60
717,Kristyn,Craine,kcrainejw@blogtalkradio.com,Female,64.123.42.64,74
718,Gibb,Sowter,gsowterjx@geocities.com,Male,76.38.218.121,09
719,Karim,Aristide,karistidejy@washingtonpost.com,Male,215.155.68.200,89
720,Emory,Bradane,ebradanejz@lulu.com,Male,95.26.86.34,75
721,Lester,Hlavecek,lhlavecekk0@pen.io,Male,217.238.138.118,41
722,Ethe,Fairbeard,efairbeardk1@cisco.com,Male,15.95.188.246,33
723,Burtie,Pearton,bpeartonk2@state.gov,Male,240.112.149.11,81
724,Sal,Poupard,spoupardk3@a8.net,Male,86.140.29.148,78
725,Todd,Gourlay,tgourlayk4@fema.gov,Male,23.235.106.75,00
726,Sarina,Moodie,smoodiek5@miibeian.gov.cn,Female,46.46.196.132,58
727,Deva,Cuddihy,dcuddihyk6@indiegogo.com,Female,191.119.190.135,96
728,Bellanca,Erett,berettk7@aboutads.info,Female,101.70.41.241,98
729,Alisun,Khrishtafovich,akhrishtafovichk8@mapquest.com,Female,53.118.130.200,07
730,Barb,Bollom,bbollomk9@biblegateway.com,Female,155.109.104.14,99
731,Ogdon,Ranyell,oranyellka@google.ca,Male,51.14.81.246,76
732,Decca,Argont,dargontkb@disqus.com,Male,228.191.146.234,46
733,Hort,MacVaugh,hmacvaughkc@flavors.me,Male,60.240.189.134,04
734,Jerry,Fonzone,jfonzonekd@vistaprint.com,Female,227.223.183.175,23
735,Holden,Almey,halmeyke@constantcontact.com,Male,231.174.150.171,41
736,Franny,Wimmers,fwimmerskf@nyu.edu,Male,163.101.71.252,39
737,Alethea,Sadler,asadlerkg@mlb.com,Female,190.122.150.234,62
738,Federico,Lavrinov,flavrinovkh@webmd.com,Male,152.74.105.77,48
739,Constancia,Stihl,cstihlki@biglobe.ne.jp,Female,239.119.151.244,53
740,Orlando,Ochterlonie,oochterloniekj@paginegialle.it,Male,222.163.45.171,16
741,Frannie,Gookey,fgookeykk@mapy.cz,Male,144.142.202.219,50
742,Catrina,Etchell,cetchellkl@bloglovin.com,Female,243.179.95.202,89
743,Scarlett,Byway,sbywaykm@latimes.com,Female,196.87.165.98,73
744,Pia,Wincer,pwincerkn@cbsnews.com,Female,222.180.80.33,71
745,Lanae,Dradey,ldradeyko@google.fr,Female,180.172.9.80,81
746,Donny,Lamyman,dlamymankp@npr.org,Male,102.32.217.47,69
747,Gordie,Lake,glakekq@dot.gov,Male,120.132.236.60,25
748,Amaleta,Hellens,ahellenskr@purevolume.com,Female,26.242.66.125,27
749,Rosaline,Spinola,rspinolaks@un.org,Female,220.117.201.62,88
750,Benyamin,Yuryatin,byuryatinkt@diigo.com,Male,233.61.242.142,33
751,Lulita,Livesay,llivesayku@bing.com,Female,62.182.19.215,78
752,Leonard,Doerrling,ldoerrlingkv@yale.edu,Male,72.174.31.243,58
753,Chrisy,Crocumbe,ccrocumbekw@mashable.com,Male,120.226.48.68,43
754,Hayward,Lowne,hlownekx@disqus.com,Male,42.8.90.223,12
755,Garreth,Roelvink,groelvinkky@unesco.org,Male,136.192.3.177,90
756,Gaylor,Teese,gteesekz@youku.com,Male,85.183.19.191,50
757,Dallas,Yakushkev,dyakushkevl0@ycombinator.com,Male,207.177.83.242,84
758,Verney,Espinel,vespinell1@guardian.co.uk,Male,41.29.239.166,30
759,Bertha,Struthers,bstruthersl2@google.com.hk,Female,148.151.216.235,89
760,Allistir,Battersby,abattersbyl3@npr.org,Male,61.228.202.54,24
761,Maximilien,Bottelstone,mbottelstonel4@livejournal.com,Male,85.220.238.208,29
762,Anni,Matashkin,amatashkinl5@i2i.jp,Female,3.51.248.186,98
763,Jacquelyn,Schruyer,jschruyerl6@hibu.com,Female,40.68.47.123,59
764,Flossi,Kelley,fkelleyl7@newyorker.com,Female,83.223.45.50,33
765,Gardy,Callingham,gcallinghaml8@drupal.org,Male,90.14.65.89,28
766,Clo,Hellwig,chellwigl9@wordpress.org,Female,144.2.236.39,71
767,Oliviero,Roony,oroonyla@jigsy.com,Male,145.226.190.1,01
768,Elora,Gitthouse,egitthouselb@alibaba.com,Female,181.30.134.40,56
769,Tracy,Gerbi,tgerbilc@reuters.com,Male,175.142.180.227,19
770,Van,Halms,vhalmsld@photobucket.com,Female,192.108.207.144,53
771,Jaquelyn,Bradock,jbradockle@360.cn,Female,133.156.77.86,78
772,Ange,Brecknall,abrecknalllf@csmonitor.com,Female,120.120.5.172,25
773,Abby,Doget,adogetlg@sakura.ne.jp,Male,39.141.60.227,15
774,Reginald,Gainseford,rgainsefordlh@google.de,Male,100.171.181.181,59
775,Emlyn,Graser,egraserli@google.co.uk,Female,35.249.242.252,29
776,Garvy,Gindghill,ggindghilllj@myspace.com,Male,247.18.183.195,59
777,Geno,Skoughman,gskoughmanlk@globo.com,Male,128.63.237.36,78
778,Chic,Gyves,cgyvesll@istockphoto.com,Male,3.216.117.119,25
779,Brandtr,Joblin,bjoblinlm@rediff.com,Male,35.183.32.170,37
780,Sydney,Mitchel,smitchelln@google.it,Male,160.121.27.192,15
781,Virgina,Markl,vmarkllo@webeden.co.uk,Female,123.9.37.11,25
782,Brier,Murrock,bmurrocklp@bloglovin.com,Female,210.72.193.176,64
783,Bekki,Freke,bfrekelq@paypal.com,Female,227.0.56.165,63
784,Carole,Dulake,cdulakelr@webnode.com,Female,134.7.223.2,30
785,Orton,Janisson,ojanissonls@chron.com,Male,106.50.240.24,83
786,Nathanael,Wolverson,nwolversonlt@telegraph.co.uk,Male,217.63.252.247,86
787,Flinn,Walter,fwalterlu@cdc.gov,Male,170.228.75.249,49
788,Pernell,Woodgate,pwoodgatelv@typepad.com,Male,212.78.223.28,72
789,Conni,Blees,cbleeslw@shutterfly.com,Female,57.43.222.31,95
790,Cass,Baitson,cbaitsonlx@tiny.cc,Female,87.139.32.142,18
791,Giorgi,Harridge,gharridgely@jigsy.com,Male,135.152.106.116,13
792,Connie,Pendrich,cpendrichlz@jiathis.com,Male,206.51.154.178,59
793,Candice,Northfield,cnorthfieldm0@jigsy.com,Female,181.229.250.163,45
794,Jabez,Vogel,jvogelm1@stanford.edu,Male,105.250.49.5,41
795,Clay,Crayden,ccraydenm2@ning.com,Male,201.250.33.107,27
796,Aron,Dunderdale,adunderdalem3@clickbank.net,Male,42.231.68.82,19
797,Bat,Thresh,bthreshm4@github.io,Male,77.208.227.187,33
798,Ardys,Mation,amationm5@weibo.com,Female,237.87.121.33,58
799,Esther,Tidy,etidym6@barnesandnoble.com,Female,191.64.254.129,59
800,Georgena,Yesson,gyessonm7@blinklist.com,Female,245.86.139.74,54
801,Joseito,Braddon,jbraddonm8@ow.ly,Male,144.188.145.168,46
802,Rodolphe,Bofield,rbofieldm9@businesswire.com,Male,95.61.234.69,94
803,Bobby,Ablitt,bablittma@1und1.de,Male,90.26.64.146,29
804,Ingra,Hanford,ihanfordmb@studiopress.com,Male,203.223.126.37,60
805,Fernando,Rounding,froundingmc@goodreads.com,Male,185.208.32.57,74
806,Alli,McCadden,amccaddenmd@paginegialle.it,Female,53.233.168.68,45
807,Gary,Draisey,gdraiseyme@un.org,Male,127.217.65.95,29
808,Claire,Pardoe,cpardoemf@examiner.com,Female,245.248.113.34,97
809,Bambi,Jurca,bjurcamg@acquirethisname.com,Female,77.234.115.247,37
810,Debor,McKeeman,dmckeemanmh@samsung.com,Female,83.213.163.199,38
811,Dorrie,Aleksankov,daleksankovmi@mac.com,Female,3.131.23.234,06
812,Lancelot,Ebbitt,lebbittmj@nps.gov,Male,219.250.50.222,10
813,Adriane,Cod,acodmk@technorati.com,Female,156.136.20.29,09
814,Dulcy,Sarsfield,dsarsfieldml@squarespace.com,Female,245.137.12.173,32
815,Zebulen,Whyte,zwhytemm@taobao.com,Male,192.86.176.0,04
816,Daron,Di Giorgio,ddigiorgiomn@blogtalkradio.com,Male,7.109.96.30,84
817,Kasper,Divall,kdivallmo@meetup.com,Male,119.138.4.50,86
818,Calida,Handscombe,chandscombemp@typepad.com,Female,99.86.207.60,02
819,Darla,Yuryev,dyuryevmq@1und1.de,Female,97.133.255.189,65
820,Marsh,Albrighton,malbrightonmr@buzzfeed.com,Male,124.7.182.201,62
821,Corliss,Scholte,cscholtems@networksolutions.com,Female,30.84.135.207,61
822,Rhona,Patillo,rpatillomt@disqus.com,Female,48.215.60.239,25
823,Constantine,Hannan,channanmu@sina.com.cn,Female,97.66.138.231,54
824,Hewie,Ranking,hrankingmv@berkeley.edu,Male,205.194.106.234,87
825,Clint,Messruther,cmessruthermw@tinypic.com,Male,103.207.164.128,13
826,Diahann,Millions,dmillionsmx@harvard.edu,Female,44.131.60.201,72
827,Carroll,Santry,csantrymy@godaddy.com,Female,38.180.21.221,54
828,Farleigh,O'Reilly,foreillymz@google.ru,Male,90.227.242.119,67
829,Fanny,Simcox,fsimcoxn0@1und1.de,Female,13.147.225.120,48
830,Simona,Mayze,smayzen1@a8.net,Female,177.21.57.254,52
831,Rennie,Rossin,rrossinn2@furl.net,Female,224.33.65.17,89
832,Caryl,Videneev,cvideneevn3@slashdot.org,Male,70.172.44.41,70
833,Karmen,Gartshore,kgartshoren4@youku.com,Female,114.153.248.43,71
834,Irita,Winskill,iwinskilln5@cam.ac.uk,Female,215.216.201.129,90
835,Jobie,Yes,jyesn6@arstechnica.com,Female,148.169.87.116,43
836,Theadora,Caesar,tcaesarn7@pen.io,Female,220.9.124.171,20
837,Esdras,Follos,efollosn8@princeton.edu,Male,162.79.134.236,63
838,Isabelle,Surphliss,isurphlissn9@cocolog-nifty.com,Female,108.53.36.7,79
839,Ly,Goodreid,lgoodreidna@meetup.com,Male,47.236.75.160,96
840,Bengt,Swaine,bswainenb@sogou.com,Male,69.195.177.81,69
841,Hollyanne,Hucquart,hhucquartnc@spiegel.de,Female,36.26.192.101,65
842,Spenser,Gayther,sgaythernd@vkontakte.ru,Male,253.139.170.28,72
843,Nancie,Dacks,ndacksne@storify.com,Female,159.4.196.13,06
844,Pete,Tute,ptutenf@unesco.org,Male,49.7.106.12,98
845,Chrissie,Kemwal,ckemwalng@nytimes.com,Male,80.247.84.147,33
846,Nicoli,MacCrackan,nmaccrackannh@arizona.edu,Female,78.209.25.127,99
847,Toby,Double,tdoubleni@prlog.org,Male,240.121.97.138,65
848,Lucias,Sarten,lsartennj@booking.com,Male,162.9.21.252,24
849,Curcio,Tidy,ctidynk@icio.us,Male,41.76.197.98,86
850,Ashton,Fairbrass,afairbrassnl@usgs.gov,Male,186.246.101.201,94
851,Neale,MacCallum,nmaccallumnm@arstechnica.com,Male,99.131.59.194,94
852,Jolyn,Nazareth,jnazarethnn@dedecms.com,Female,192.172.237.24,92
853,Jessamine,Alessandrucci,jalessandruccino@bloomberg.com,Female,70.201.221.146,58
854,Sandro,Rounds,sroundsnp@bloomberg.com,Male,81.99.118.28,59
855,Amelia,Tabourin,atabourinnq@furl.net,Female,154.43.232.174,42
856,Pate,Kirsche,pkirschenr@bandcamp.com,Male,148.86.184.197,09
857,Gianna,Prydden,gpryddenns@vkontakte.ru,Female,56.178.93.81,66
858,Fernande,Spellacey,fspellaceynt@wix.com,Female,244.210.60.217,84
859,Guillermo,Rizon,grizonnu@usgs.gov,Male,228.233.5.185,53
860,Fayth,MacCrossan,fmaccrossannv@mashable.com,Female,147.27.182.205,49
861,Reeva,Jorgensen,rjorgensennw@google.es,Female,36.197.155.200,73
862,Correy,Kenwyn,ckenwynnx@freewebs.com,Female,20.60.182.169,81
863,Em,Piller,epillerny@ow.ly,Male,253.31.94.94,57
864,Phillie,Frushard,pfrushardnz@disqus.com,Female,202.223.166.220,54
865,Bobbie,Baccup,bbaccupo0@tamu.edu,Male,118.176.165.241,92
866,Jerald,McLleese,jmclleeseo1@imdb.com,Male,240.144.108.230,46
867,Davidde,Coppins,dcoppinso2@biblegateway.com,Male,103.40.154.237,01
868,Giles,Tille,gtilleo3@people.com.cn,Male,82.206.15.192,73
869,Tadd,Massingberd,tmassingberdo4@toplist.cz,Male,2.158.189.179,29
870,Jenda,Skatcher,jskatchero5@imageshack.us,Female,73.157.234.230,51
871,Cherri,Briamo,cbriamoo6@symantec.com,Female,180.10.214.176,43
872,Cayla,Batter,cbattero7@biglobe.ne.jp,Female,109.99.191.158,42
873,Mick,Menego,mmenegoo8@go.com,Male,202.81.178.35,08
874,Monro,Dodswell,mdodswello9@salon.com,Male,150.90.122.156,34
875,Cortie,Cloake,ccloakeoa@friendfeed.com,Male,16.202.37.187,55
876,Tildie,Poyle,tpoyleob@xrea.com,Female,169.186.190.95,22
877,Denney,Bouette,dbouetteoc@shutterfly.com,Male,206.179.176.59,29
878,Katrinka,Pawelek,kpawelekod@google.es,Female,108.188.176.252,17
879,Beatriz,Eldon,beldonoe@blogspot.com,Female,125.41.6.177,29
880,Russ,Berzins,rberzinsof@booking.com,Male,246.76.244.221,71
881,Shepard,Vanstone,svanstoneog@ezinearticles.com,Male,51.72.176.188,16
882,Jessi,Smerdon,jsmerdonoh@sun.com,Female,73.198.248.218,87
883,Neddie,Ditt,ndittoi@umn.edu,Male,6.63.108.101,97
884,Joane,Gipp,jgippoj@hp.com,Female,183.12.207.198,58
885,Gaven,Astlatt,gastlattok@fc2.com,Male,235.215.134.158,45
886,Shellie,Prangnell,sprangnellol@nifty.com,Female,51.164.45.143,18
887,Albie,Meek,ameekom@ycombinator.com,Male,216.212.52.33,31
888,Spike,Szabo,sszaboon@noaa.gov,Male,102.66.251.196,98
889,Joeann,Verrico,jverricooo@vk.com,Female,100.9.155.173,26
890,Lorrin,Haxby,lhaxbyop@qq.com,Female,244.226.200.233,09
891,Dugald,Ommundsen,dommundsenoq@deviantart.com,Male,195.21.47.232,76
892,Samuel,Stansbie,sstansbieor@g.co,Male,205.205.54.28,43
893,Daune,Gonzalo,dgonzaloos@etsy.com,Female,196.152.134.146,99
894,Daphne,Zamora,dzamoraot@ucoz.com,Female,234.46.223.244,76
895,Olivero,Palser,opalserou@wix.com,Male,176.208.52.166,76
896,Cherlyn,Clears,cclearsov@a8.net,Female,179.49.55.130,56
897,Armand,Eberdt,aeberdtow@reuters.com,Male,29.117.197.168,71
898,Philbert,Tessier,ptessierox@washingtonpost.com,Male,188.175.121.0,49
899,Beaufort,Elcoux,belcouxoy@themeforest.net,Male,101.202.165.111,38
900,Andreana,Hollyman,ahollymanoz@indiatimes.com,Female,41.74.133.3,80
901,Clement,Laskey,claskeyp0@prlog.org,Male,155.230.85.147,19
902,Jimmy,Bromont,jbromontp1@mysql.com,Male,246.25.186.150,88
903,Tucky,Fores,tforesp2@discovery.com,Male,115.9.177.8,38
904,Irena,Marlow,imarlowp3@hp.com,Female,183.27.10.229,89
905,Rafi,Canet,rcanetp4@nationalgeographic.com,Male,249.249.75.100,11
906,Chester,Papen,cpapenp5@bloglovin.com,Male,67.37.221.197,12
907,Beatrix,Osipenko,bosipenkop6@hubpages.com,Female,200.52.116.190,78
908,Ernest,Denning,edenningp7@google.nl,Male,73.51.143.86,83
909,Noak,Snooks,nsnooksp8@nps.gov,Male,82.202.191.37,53
910,Baudoin,Leser,bleserp9@opera.com,Male,247.250.53.15,48
911,Harmon,Wainscoat,hwainscoatpa@dedecms.com,Male,195.170.217.97,70
912,Jenna,Girard,jgirardpb@icio.us,Female,119.189.113.35,89
913,Yehudit,Barge,ybargepc@istockphoto.com,Male,179.242.237.160,43
914,Kevon,Brogan,kbroganpd@mediafire.com,Male,241.26.203.192,07
915,Mariellen,Gherardesci,mgherardescipe@google.ca,Female,214.25.95.165,10
916,Esme,Campaigne,ecampaignepf@wikia.com,Male,62.245.166.74,03
917,Cos,Lisciandro,clisciandropg@quantcast.com,Male,75.124.189.105,31
918,Ninnette,Szwarc,nszwarcph@free.fr,Female,98.7.60.68,54
919,Lee,Casine,lcasinepi@usa.gov,Female,140.251.125.251,50
920,Gwendolen,McKeran,gmckeranpj@blog.com,Female,219.226.118.1,58
921,Zebadiah,Conyard,zconyardpk@slashdot.org,Male,165.217.162.137,73
922,Isadora,Taye,itayepl@g.co,Female,23.211.85.1,16
923,Elsinore,Eltringham,eeltringhampm@dell.com,Female,54.126.250.12,40
924,Nelie,Bazely,nbazelypn@g.co,Female,176.106.131.132,93
925,Filbert,Reedman,freedmanpo@wix.com,Male,163.226.109.150,06
926,Kristofor,Peert,kpeertpp@twitpic.com,Male,219.179.214.95,80
927,Angelia,Flacke,aflackepq@dion.ne.jp,Female,181.217.36.58,34
928,Garrard,Lintill,glintillpr@narod.ru,Male,88.70.207.19,40
929,Tann,Yalden,tyaldenps@diigo.com,Male,201.91.70.86,49
930,Leoline,Lipscomb,llipscombpt@123-reg.co.uk,Female,249.213.16.205,60
931,Harbert,Benesevich,hbenesevichpu@scientificamerican.com,Male,236.69.167.16,03
932,Marlene,Moran,mmoranpv@thetimes.co.uk,Female,16.147.216.87,28
933,Emile,Please,epleasepw@columbia.edu,Male,180.14.183.95,94
934,Bink,Van Leijs,bvanleijspx@webnode.com,Male,40.174.145.112,62
935,Lanny,Spittle,lspittlepy@facebook.com,Female,16.196.55.22,08
936,Reine,Russan,rrussanpz@hao123.com,Female,140.248.109.174,71
937,Elset,Pizer,epizerq0@jimdo.com,Female,59.50.50.60,66
938,Lowrance,Tharme,ltharmeq1@usgs.gov,Male,93.245.110.241,22
939,Giavani,Satteford,gsattefordq2@trellian.com,Male,206.170.241.117,97
940,Molli,Ridett,mridettq3@usnews.com,Female,75.89.222.183,70
941,Kimberley,Smieton,ksmietonq4@uol.com.br,Female,233.19.69.222,75
942,Rosemaria,Brugsma,rbrugsmaq5@acquirethisname.com,Female,34.207.196.94,59
943,Maighdiln,Croker,mcrokerq6@storify.com,Female,140.146.215.66,59
944,Georg,Longthorne,glongthorneq7@blinklist.com,Male,17.149.27.180,61
945,Cynthia,Becconsall,cbecconsallq8@unc.edu,Female,206.227.129.132,43
946,Natasha,Heminsley,nheminsleyq9@cloudflare.com,Female,234.134.93.115,91
947,Archambault,Carlill,acarlillqa@ox.ac.uk,Male,188.143.225.0,44
948,Kaylyn,Hardaway,khardawayqb@mapquest.com,Female,48.106.201.205,88
949,Mitch,Nanni,mnanniqc@nyu.edu,Male,88.219.46.205,19
950,Katusha,Angier,kangierqd@blogspot.com,Female,198.31.127.205,61
951,Sinclare,Ethersey,setherseyqe@earthlink.net,Male,70.176.49.53,53
952,Tann,Kinder,tkinderqf@ftc.gov,Male,63.141.30.137,84
953,Stacee,Millyard,smillyardqg@macromedia.com,Male,23.71.207.135,59
954,Thayne,Gillyatt,tgillyattqh@patch.com,Male,219.246.138.23,25
955,Neil,Gookes,ngookesqi@sohu.com,Male,205.120.15.174,86
956,Larisa,Bartusek,lbartusekqj@rambler.ru,Female,104.38.130.206,00
957,Weber,Schimaschke,wschimaschkeqk@myspace.com,Male,103.69.233.125,72
958,Forest,Harbottle,fharbottleql@gravatar.com,Male,107.251.72.227,90
959,Valene,Tramel,vtramelqm@last.fm,Female,42.87.194.143,11
960,Clair,Quinn,cquinnqn@dagondesign.com,Female,105.252.186.93,86
961,Sioux,Boffin,sboffinqo@harvard.edu,Female,184.18.90.76,93
962,Vassili,Eliasen,veliasenqp@chicagotribune.com,Male,225.126.130.22,77
963,Harley,Stigger,hstiggerqq@yelp.com,Male,90.12.96.194,00
964,Dun,Benneyworth,dbenneyworthqr@lulu.com,Male,152.80.62.245,81
965,Lorry,Balding,lbaldingqs@reference.com,Male,70.4.96.106,19
966,Sigismundo,Parlor,sparlorqt@aboutads.info,Male,214.97.240.215,49
967,Dacy,Penwarden,dpenwardenqu@theatlantic.com,Female,28.251.16.215,11
968,Jania,Kilbey,jkilbeyqv@1und1.de,Female,172.153.137.221,52
969,Ronica,Westrey,rwestreyqw@google.pl,Female,98.126.21.160,92
970,Cristionna,Whittle,cwhittleqx@miibeian.gov.cn,Female,225.233.31.138,66
971,Hillier,Bottjer,hbottjerqy@bigcartel.com,Male,216.98.19.157,33
972,Vernen,Garrish,vgarrishqz@prweb.com,Male,163.68.97.27,06
973,Sylvan,Tatham,stathamr0@rediff.com,Male,219.225.41.105,31
974,Elianore,Craggs,ecraggsr1@si.edu,Female,135.40.139.109,53
975,Leopold,Ferreira,lferreirar2@nih.gov,Male,152.73.44.205,85
976,Mattie,Silwood,msilwoodr3@washingtonpost.com,Female,58.99.7.142,75
977,Kara,Paunton,kpauntonr4@npr.org,Female,228.6.73.20,25
978,Jordan,Hillam,jhillamr5@weather.com,Female,15.174.108.124,86
979,Marieann,Stannion,mstannionr6@adobe.com,Female,195.85.34.175,15
980,Joanne,Weatherhead,jweatherheadr7@omniture.com,Female,177.53.8.226,98
981,Nowell,Dowty,ndowtyr8@studiopress.com,Male,7.75.105.221,07
982,Florence,Hartness,fhartnessr9@ftc.gov,Female,102.234.145.202,90
983,Prue,Hedin,phedinra@google.fr,Female,159.75.55.229,09
984,Sondra,Couve,scouverb@delicious.com,Female,213.146.248.132,37
985,Fiona,Tisun,ftisunrc@ftc.gov,Female,136.243.170.41,38
986,Bethena,Meneo,bmeneord@ox.ac.uk,Female,179.114.219.75,97
987,Lynnelle,Breukelman,lbreukelmanre@aboutads.info,Female,18.38.8.219,78
988,Richart,Curdell,rcurdellrf@newsvine.com,Male,228.90.115.151,66
989,Elmer,Brixham,ebrixhamrg@telegraph.co.uk,Male,152.40.161.158,94
990,Zsazsa,Yeulet,zyeuletrh@sfgate.com,Female,0.159.80.45,22
991,Whitney,Grelka,wgrelkari@etsy.com,Female,156.191.71.88,84
992,Gabbie,Andress,gandressrj@bloomberg.com,Male,228.52.73.8,71
993,Jessa,Brandli,jbrandlirk@businesswire.com,Female,92.228.221.200,23
994,Wendeline,Urion,wurionrl@domainmarket.com,Female,235.83.8.179,64
995,Mei,Mularkey,mmularkeyrm@weather.com,Female,222.30.154.172,80
996,Rock,Steel,rsteelrn@weather.com,Male,32.18.124.102,81
997,Mariann,Yoakley,myoakleyro@about.me,Female,141.12.247.180,13
998,Shanda,Cristea,scristearp@deviantart.com,Female,188.66.45.214,95
999,Rafaelia,Turmall,rturmallrq@4shared.com,Female,179.38.117.188,91
1000,Bren,McCaster,bmccasterrr@meetup.com,Male,79.187.33.30,52
